timestamp,alive,status,communication_delta,fish_progress_delta,silence_delta
2026-02-18T18:41:16.076776+00:00,True,INIT,0.0,0.0,0.0
2026-02-18T18:41:16.325998+00:00,True,ALIVE,0.002008199691772461,0.2492234706878662,0.2492225170135498
2026-02-18T18:41:16.555492+00:00,True,ALIVE,0.0,0.23150181770324707,0.2294936180114746
2026-02-18T18:41:16.752265+00:00,True,ALIVE,0.0,0.19677329063415527,0.19677329063415527
2026-02-18T18:41:16.967883+00:00,True,ALIVE,0.0017421245574951172,0.21387577056884766,0.21561789512634277
2026-02-18T18:41:17.151161+00:00,True,ALIVE,0.0,0.18502044677734375,0.18327832221984863
2026-02-18T18:41:17.336968+00:00,True,ALIVE,0.0,0.18379831314086914,0.18379831314086914
2026-02-18T18:41:17.529782+00:00,True,ALIVE,0.0,0.19482207298278809,0.19482207298278809
2026-02-18T18:41:17.705907+00:00,True,ALIVE,0.0,0.17612528800964355,0.17612528800964355
2026-02-18T18:41:17.893186+00:00,True,ALIVE,0.0,0.18727946281433105,0.18727946281433105
2026-02-18T18:41:18.069085+00:00,True,ALIVE,0.0020084381103515625,0.1738903522491455,0.17589879035949707
2026-02-18T18:41:18.251299+00:00,True,ALIVE,0.0,0.18422245979309082,0.18221402168273926
2026-02-18T18:41:18.430069+00:00,True,ALIVE,0.0,0.17876935005187988,0.17876935005187988
2026-02-18T18:41:18.614044+00:00,True,ALIVE,0.0,0.1839756965637207,0.1839756965637207
2026-02-18T18:41:18.783980+00:00,True,ALIVE,0.0,0.16792750358581543,0.16792750358581543
2026-02-18T18:41:18.972539+00:00,True,ALIVE,0.0020074844360351562,0.18856000900268555,0.1905674934387207
2026-02-18T18:41:19.160448+00:00,True,ALIVE,0.0,0.18991684913635254,0.18790936470031738
2026-02-18T18:41:19.337340+00:00,True,ALIVE,0.0,0.17488312721252441,0.17488312721252441
2026-02-18T18:41:19.550937+00:00,True,ALIVE,0.0,0.21460700035095215,0.21460700035095215
2026-02-18T18:41:19.840108+00:00,True,ALIVE,0.0,0.2881965637207031,0.2881965637207031
2026-02-18T18:41:20.064631+00:00,True,ALIVE,0.0,0.22649550437927246,0.22649550437927246
2026-02-18T18:41:20.258824+00:00,True,ALIVE,0.0,0.19419336318969727,0.19419336318969727
2026-02-18T18:41:20.446934+00:00,True,ALIVE,0.0,0.1881101131439209,0.1881101131439209
2026-02-18T18:41:20.623650+00:00,True,ALIVE,0.0,0.17496609687805176,0.17496609687805176
2026-02-18T18:41:20.833211+00:00,True,ALIVE,0.0,0.21131062507629395,0.21131062507629395
2026-02-18T18:41:21.701952+00:00,True,ALIVE,0.0,0.8672695159912109,0.8672695159912109
2026-02-18T18:41:22.070448+00:00,True,ALIVE,0.0,0.3689699172973633,0.3689699172973633
2026-02-18T18:41:22.282659+00:00,True,ALIVE,0.0,0.21320867538452148,0.21320867538452148
2026-02-18T18:41:22.488802+00:00,True,ALIVE,0.0020089149475097656,0.20413446426391602,0.20614337921142578
2026-02-18T18:41:22.703043+00:00,True,ALIVE,0.0,0.21423983573913574,0.21223092079162598
2026-02-18T18:41:22.905308+00:00,True,ALIVE,0.0,0.20427465438842773,0.20427465438842773
2026-02-18T18:41:23.099539+00:00,True,ALIVE,0.0,0.1942310333251953,0.1942310333251953
2026-02-18T18:41:23.361025+00:00,True,ALIVE,0.0,0.2594761848449707,0.2594761848449707
2026-02-18T18:41:23.680364+00:00,True,ALIVE,0.0020089149475097656,0.3193395137786865,0.3213484287261963
2026-02-18T18:41:23.914290+00:00,True,ALIVE,0.0,0.23593544960021973,0.23392653465270996
2026-02-18T18:41:24.153830+00:00,True,ALIVE,0.002009868621826172,0.23753046989440918,0.23954033851623535
2026-02-18T18:41:24.425547+00:00,True,ALIVE,0.0020110607147216797,0.2717156410217285,0.271716833114624
2026-02-18T18:41:24.660274+00:00,True,ALIVE,0.0009975433349609375,0.23573970794677734,0.2347261905670166
2026-02-18T18:41:24.896588+00:00,True,ALIVE,0.0,0.23731231689453125,0.2363147735595703
2026-02-18T18:41:25.114167+00:00,True,ALIVE,0.0,0.21757841110229492,0.21757841110229492
2026-02-18T18:41:25.360092+00:00,True,ALIVE,0.0020093917846679688,0.24391603469848633,0.2459254264831543
2026-02-18T18:41:25.616925+00:00,True,ALIVE,0.002026081085205078,0.25681638717651367,0.2568330764770508
2026-02-18T18:41:26.022108+00:00,True,ALIVE,0.0,0.4072089195251465,0.4051828384399414
2026-02-18T18:41:26.291569+00:00,True,ALIVE,0.0011720657348632812,0.26729798316955566,0.26847004890441895
2026-02-18T18:41:26.548503+00:00,True,ALIVE,0.0,0.25708675384521484,0.25591468811035156
2026-02-18T18:41:26.796219+00:00,True,ALIVE,0.0,0.2477118968963623,0.2477118968963623
2026-02-18T18:41:27.061177+00:00,True,ALIVE,0.0009965896606445312,0.2659752368927002,0.2669718265533447
2026-02-18T18:41:27.284003+00:00,True,ALIVE,0.0,0.22382259368896484,0.2228260040283203
2026-02-18T18:41:27.585061+00:00,True,ALIVE,0.0,0.3000648021697998,0.3000648021697998
2026-02-18T18:41:27.873493+00:00,True,ALIVE,0.0009267330169677734,0.28739476203918457,0.28832149505615234
2026-02-18T18:41:28.074675+00:00,True,ALIVE,0.0,0.20221710205078125,0.20129036903381348
2026-02-18T18:41:28.432846+00:00,True,ALIVE,0.0,0.35916686058044434,0.35916686058044434
2026-02-18T18:41:28.704455+00:00,True,ALIVE,0.0,0.2706122398376465,0.2706122398376465
2026-02-18T18:41:28.999471+00:00,True,ALIVE,0.0,0.29601240158081055,0.29601240158081055
2026-02-18T18:41:29.300351+00:00,True,ALIVE,0.0,0.2998824119567871,0.2998824119567871
2026-02-18T18:41:29.584427+00:00,True,ALIVE,0.0,0.2830655574798584,0.2830655574798584
2026-02-18T18:41:29.787417+00:00,True,ALIVE,0.002008199691772461,0.20299053192138672,0.20499873161315918
2026-02-18T18:41:29.987681+00:00,True,ALIVE,0.0,0.2022721767425537,0.20026397705078125
2026-02-18T18:41:30.210174+00:00,True,ALIVE,0.0004525184631347656,0.22144651412963867,0.22189903259277344
2026-02-18T18:41:30.465109+00:00,True,ALIVE,0.0,0.25397157669067383,0.25351905822753906
2026-02-18T18:41:30.802337+00:00,True,ALIVE,0.0,0.33923768997192383,0.33923768997192383
2026-02-18T18:41:31.118096+00:00,True,ALIVE,0.0,0.3137474060058594,0.3137474060058594
2026-02-18T18:41:31.375832+00:00,True,ALIVE,0.0,0.25875020027160645,0.25875020027160645
2026-02-18T18:41:31.618707+00:00,True,ALIVE,0.000997304916381836,0.2428743839263916,0.24387168884277344
2026-02-18T18:41:31.947786+00:00,True,ALIVE,0.0009980201721191406,0.32907915115356445,0.32907986640930176
2026-02-18T18:41:32.287612+00:00,True,ALIVE,0.0,0.3408241271972656,0.3398261070251465
2026-02-18T18:41:32.711254+00:00,True,ALIVE,0.0,0.42293787002563477,0.42293787002563477
2026-02-18T18:41:33.009089+00:00,True,ALIVE,0.00042891502380371094,0.2981095314025879,0.2985384464263916
2026-02-18T18:41:33.286023+00:00,True,ALIVE,0.002008676528930664,0.27535438537597656,0.2769341468811035
2026-02-18T18:41:33.491676+00:00,True,ALIVE,0.0,0.20766186714172363,0.20565319061279297
2026-02-18T18:41:33.689221+00:00,True,ALIVE,0.0,0.19754457473754883,0.19754457473754883
2026-02-18T18:41:33.874517+00:00,True,ALIVE,0.000995635986328125,0.18430018424987793,0.18529582023620605
2026-02-18T18:41:34.116969+00:00,True,ALIVE,0.0006651878356933594,0.24235129356384277,0.242020845413208
2026-02-18T18:41:34.513546+00:00,True,ALIVE,0.002009868621826172,0.3956642150878906,0.39700889587402344
2026-02-18T18:41:34.905764+00:00,True,ALIVE,0.0,0.3942277431488037,0.39221787452697754
2026-02-18T18:41:35.168053+00:00,True,ALIVE,0.0,0.26024389266967773,0.26024389266967773
2026-02-18T18:41:35.361844+00:00,True,ALIVE,0.0,0.19583582878112793,0.19583582878112793
2026-02-18T18:41:35.580551+00:00,True,ALIVE,0.0,0.21870756149291992,0.21870756149291992
2026-02-18T18:41:35.802108+00:00,True,ALIVE,0.0,0.2215559482574463,0.2215559482574463
2026-02-18T18:41:35.993137+00:00,True,ALIVE,0.0,0.1900317668914795,0.1900317668914795
2026-02-18T18:41:36.206100+00:00,True,ALIVE,0.0,0.2139606475830078,0.2139606475830078
2026-02-18T18:41:36.405212+00:00,True,ALIVE,0.0,0.1991119384765625,0.1991119384765625
2026-02-18T18:41:36.605841+00:00,True,ALIVE,0.0,0.19862008094787598,0.19862008094787598
2026-02-18T18:41:36.788836+00:00,True,ALIVE,0.0,0.18500375747680664,0.18500375747680664
2026-02-18T18:41:37.012273+00:00,True,ALIVE,0.0,0.22343802452087402,0.22343802452087402
2026-02-18T18:41:37.231716+00:00,True,ALIVE,0.0,0.21944260597229004,0.21944260597229004
2026-02-18T18:41:37.441189+00:00,True,ALIVE,0.0,0.20746421813964844,0.20746421813964844
2026-02-18T18:41:37.654585+00:00,True,ALIVE,0.0,0.21339082717895508,0.21339082717895508
2026-02-18T18:41:37.891809+00:00,True,ALIVE,0.002008676528930664,0.2372291088104248,0.23923778533935547
2026-02-18T18:41:38.124356+00:00,True,ALIVE,0.0,0.23455548286437988,0.23254680633544922
2026-02-18T18:41:38.358846+00:00,True,ALIVE,0.0,0.23248004913330078,0.23248004913330078
2026-02-18T18:41:38.585526+00:00,True,ALIVE,0.0020084381103515625,0.22668147087097168,0.22868990898132324
2026-02-18T18:41:38.798274+00:00,True,ALIVE,0.0,0.21475625038146973,0.21274781227111816
2026-02-18T18:41:39.013514+00:00,True,ALIVE,0.0,0.215240478515625,0.215240478515625
2026-02-18T18:41:39.230397+00:00,True,ALIVE,0.0,0.2148745059967041,0.2148745059967041
2026-02-18T18:41:39.444798+00:00,True,ALIVE,0.0,0.2144014835357666,0.2144014835357666
2026-02-18T18:41:39.724200+00:00,True,ALIVE,0.0009982585906982422,0.280411958694458,0.28141021728515625
2026-02-18T18:41:39.946189+00:00,True,ALIVE,0.0020089149475097656,0.2209782600402832,0.22198891639709473
2026-02-18T18:41:40.244425+00:00,True,ALIVE,0.0,0.29924726486206055,0.2972383499145508
2026-02-18T18:41:40.462907+00:00,True,ALIVE,0.0,0.2174701690673828,0.2174701690673828
2026-02-18T18:41:40.680920+00:00,True,ALIVE,0.0,0.21801352500915527,0.21801352500915527
2026-02-18T18:41:40.892860+00:00,True,ALIVE,0.0,0.21194100379943848,0.21194100379943848
2026-02-18T18:41:41.103289+00:00,True,ALIVE,0.0,0.21042728424072266,0.21042728424072266
2026-02-18T18:41:41.318063+00:00,True,ALIVE,0.0009970664978027344,0.21578645706176758,0.2167835235595703
2026-02-18T18:41:41.510282+00:00,True,ALIVE,0.0,0.1912083625793457,0.19021129608154297
2026-02-18T18:41:41.698454+00:00,True,ALIVE,0.0,0.19018006324768066,0.19018006324768066
2026-02-18T18:41:41.919625+00:00,True,ALIVE,0.0009970664978027344,0.22017312049865723,0.22117018699645996
2026-02-18T18:41:42.144614+00:00,True,ALIVE,0.0,0.2249898910522461,0.22399282455444336
2026-02-18T18:41:42.363071+00:00,True,ALIVE,0.0,0.21741652488708496,0.21741652488708496
2026-02-18T18:41:42.584315+00:00,True,ALIVE,0.0,0.2232816219329834,0.2232816219329834
2026-02-18T18:41:42.792492+00:00,True,ALIVE,0.0,0.2081766128540039,0.2081766128540039
2026-02-18T18:41:42.999500+00:00,True,ALIVE,0.0,0.20700764656066895,0.20700764656066895
2026-02-18T18:41:43.216531+00:00,True,ALIVE,0.0,0.21703171730041504,0.21703171730041504
2026-02-18T18:41:43.435195+00:00,True,ALIVE,0.0,0.2176668643951416,0.2176668643951416
2026-02-18T18:41:43.629941+00:00,True,ALIVE,0.0,0.19574284553527832,0.19574284553527832
2026-02-18T18:41:43.866995+00:00,True,ALIVE,0.0009989738464355469,0.2360553741455078,0.23705434799194336
2026-02-18T18:41:44.090030+00:00,True,ALIVE,0.0,0.22403359413146973,0.22303462028503418
2026-02-18T18:41:44.328797+00:00,True,ALIVE,0.0,0.23675155639648438,0.23675155639648438
2026-02-18T18:41:44.561941+00:00,True,ALIVE,0.0,0.23515963554382324,0.23515963554382324
2026-02-18T18:41:44.779941+00:00,True,ALIVE,0.0020105838775634766,0.2159891128540039,0.21799969673156738
2026-02-18T18:41:44.998198+00:00,True,ALIVE,0.0,0.21825909614562988,0.2162485122680664
2026-02-18T18:41:45.247386+00:00,True,ALIVE,0.0,0.2501988410949707,0.2501988410949707
2026-02-18T18:41:45.450387+00:00,True,ALIVE,0.0,0.20399832725524902,0.20399832725524902
2026-02-18T18:41:45.635632+00:00,True,ALIVE,0.0,0.18524575233459473,0.18524575233459473
2026-02-18T18:41:45.866926+00:00,True,ALIVE,0.0,0.23029637336730957,0.23029637336730957
2026-02-18T18:41:46.238949+00:00,True,ALIVE,0.002008676528930664,0.37101125717163086,0.3730199337005615
2026-02-18T18:41:46.499378+00:00,True,ALIVE,0.0,0.2624378204345703,0.26042914390563965
2026-02-18T18:41:46.719531+00:00,True,ALIVE,0.0,0.21814537048339844,0.21814537048339844
2026-02-18T18:41:46.931387+00:00,True,ALIVE,0.0,0.2118549346923828,0.2118549346923828
2026-02-18T18:41:47.143535+00:00,True,ALIVE,0.0,0.2141563892364502,0.2141563892364502
2026-02-18T18:41:47.357445+00:00,True,ALIVE,0.0,0.21291327476501465,0.21291327476501465
2026-02-18T18:41:47.554004+00:00,True,ALIVE,0.002008676528930664,0.19554686546325684,0.1975555419921875
2026-02-18T18:41:47.756993+00:00,True,ALIVE,0.0,0.20400118827819824,0.20199251174926758
2026-02-18T18:41:47.980960+00:00,True,ALIVE,0.0,0.22295498847961426,0.22295498847961426
2026-02-18T18:41:48.188400+00:00,True,ALIVE,0.0020084381103515625,0.20744085311889648,0.20944929122924805
2026-02-18T18:41:48.369153+00:00,True,ALIVE,0.0,0.18276143074035645,0.18075299263000488
2026-02-18T18:41:48.545436+00:00,True,ALIVE,0.0,0.1762828826904297,0.1762828826904297
2026-02-18T18:41:48.734610+00:00,True,ALIVE,0.0,0.18917417526245117,0.18917417526245117
2026-02-18T18:41:48.919447+00:00,True,ALIVE,0.0,0.18282818794250488,0.18282818794250488
2026-02-18T18:41:49.096229+00:00,True,ALIVE,0.0,0.17879033088684082,0.17879033088684082
2026-02-18T18:41:49.280702+00:00,True,ALIVE,0.0,0.18447279930114746,0.18447279930114746
2026-02-18T18:41:49.463891+00:00,True,ALIVE,0.0,0.18318963050842285,0.18318963050842285
2026-02-18T18:41:49.648032+00:00,True,ALIVE,0.0,0.18414020538330078,0.18414020538330078
2026-02-18T18:41:49.889553+00:00,True,ALIVE,0.0,0.24152207374572754,0.24152207374572754
2026-02-18T18:41:50.124570+00:00,True,ALIVE,0.0009982585906982422,0.23401784896850586,0.2350161075592041
2026-02-18T18:41:50.356902+00:00,True,ALIVE,0.0,0.23333024978637695,0.2323319911956787
2026-02-18T18:41:50.589629+00:00,True,ALIVE,0.0,0.2327272891998291,0.2327272891998291
2026-02-18T18:41:50.796997+00:00,True,ALIVE,0.002007722854614258,0.20536065101623535,0.2073683738708496
2026-02-18T18:41:50.997073+00:00,True,ALIVE,0.0,0.20208358764648438,0.20007586479187012
2026-02-18T18:41:51.205298+00:00,True,ALIVE,0.00099945068359375,0.20722556114196777,0.20822501182556152
2026-02-18T18:41:51.417197+00:00,True,ALIVE,0.000997304916381836,0.2119007110595703,0.2118985652923584
2026-02-18T18:41:51.607068+00:00,True,ALIVE,0.001005411148071289,0.18986272811889648,0.18987083435058594
2026-02-18T18:41:51.788985+00:00,True,ALIVE,0.0,0.1829233169555664,0.18191790580749512
2026-02-18T18:41:51.966622+00:00,True,ALIVE,0.0,0.17763686180114746,0.17763686180114746
2026-02-18T18:41:52.146367+00:00,True,ALIVE,0.0,0.1777353286743164,0.1777353286743164
2026-02-18T18:41:52.360520+00:00,True,ALIVE,0.0,0.2151651382446289,0.2151651382446289
2026-02-18T18:41:52.577174+00:00,True,ALIVE,0.0,0.21562647819519043,0.21562647819519043
2026-02-18T18:41:52.803973+00:00,True,ALIVE,0.0,0.22782588005065918,0.22782588005065918
2026-02-18T18:41:53.035971+00:00,True,ALIVE,0.0009970664978027344,0.23199915885925293,0.23299622535705566
2026-02-18T18:41:53.260149+00:00,True,ALIVE,0.002009868621826172,0.22316503524780273,0.22417783737182617
2026-02-18T18:41:53.491846+00:00,True,ALIVE,0.0,0.23370695114135742,0.23169708251953125
2026-02-18T18:41:53.730300+00:00,True,ALIVE,0.0,0.2374567985534668,0.2374567985534668
2026-02-18T18:41:53.965056+00:00,True,ALIVE,0.0,0.23575305938720703,0.23575305938720703
2026-02-18T18:41:54.161463+00:00,True,ALIVE,0.0009975433349609375,0.19540929794311523,0.19640684127807617
2026-02-18T18:41:54.386000+00:00,True,ALIVE,0.0,0.22553491592407227,0.22453737258911133
2026-02-18T18:41:54.614570+00:00,True,ALIVE,0.0009980201721191406,0.22757196426391602,0.22856998443603516
2026-02-18T18:41:54.855907+00:00,True,ALIVE,0.0,0.24233460426330566,0.24133658409118652
2026-02-18T18:41:55.078014+00:00,True,ALIVE,0.0,0.22009849548339844,0.22009849548339844
2026-02-18T18:41:55.290116+00:00,True,ALIVE,0.0,0.2141103744506836,0.2141103744506836
2026-02-18T18:41:55.492534+00:00,True,ALIVE,0.0020084381103515625,0.2004094123840332,0.20241785049438477
2026-02-18T18:41:55.698120+00:00,True,ALIVE,0.0,0.2075948715209961,0.20558643341064453
2026-02-18T18:41:55.910957+00:00,True,ALIVE,0.0,0.2118396759033203,0.2118396759033203
2026-02-18T18:41:56.110450+00:00,True,ALIVE,0.0,0.20049047470092773,0.20049047470092773
2026-02-18T18:41:56.296834+00:00,True,ALIVE,0.0,0.18638348579406738,0.18638348579406738
2026-02-18T18:41:56.511735+00:00,True,ALIVE,0.0,0.21390366554260254,0.21390366554260254
2026-02-18T18:41:56.717110+00:00,True,ALIVE,0.002021312713623047,0.20435094833374023,0.20637226104736328
2026-02-18T18:41:56.955208+00:00,True,ALIVE,0.0,0.23912262916564941,0.23710131645202637
2026-02-18T18:41:57.176701+00:00,True,ALIVE,0.0009961128234863281,0.22149419784545898,0.2224903106689453
2026-02-18T18:41:57.388416+00:00,True,ALIVE,0.0,0.21070241928100586,0.20970630645751953
2026-02-18T18:41:57.560715+00:00,True,ALIVE,0.0,0.17430734634399414,0.17430734634399414
2026-02-18T18:41:57.742067+00:00,True,ALIVE,0.0,0.1813523769378662,0.1813523769378662
2026-02-18T18:41:57.930669+00:00,True,ALIVE,0.0,0.18760442733764648,0.18760442733764648
2026-02-18T18:41:58.111453+00:00,True,ALIVE,0.008333921432495117,0.173447847366333,0.18178176879882812
2026-02-18T18:41:58.273872+00:00,True,ALIVE,0.012049674987792969,0.15870285034179688,0.16241860389709473
2026-02-18T18:41:58.453231+00:00,True,ALIVE,0.0,0.18939948081970215,0.17734980583190918
2026-02-18T18:41:58.679031+00:00,True,ALIVE,0.0,0.22780942916870117,0.22780942916870117
2026-02-18T18:41:58.882440+00:00,True,ALIVE,0.0,0.20340824127197266,0.20340824127197266
2026-02-18T18:41:59.070133+00:00,True,ALIVE,0.0,0.18769335746765137,0.18769335746765137
2026-02-18T18:41:59.288725+00:00,True,ALIVE,0.0,0.21859145164489746,0.21859145164489746
2026-02-18T18:41:59.463433+00:00,True,ALIVE,0.0,0.17470812797546387,0.17470812797546387
2026-02-18T18:41:59.646998+00:00,True,ALIVE,0.0,0.18155694007873535,0.18155694007873535
2026-02-18T18:41:59.824591+00:00,True,ALIVE,0.0,0.1786050796508789,0.1786050796508789
2026-02-18T18:42:00.010132+00:00,True,ALIVE,0.0009965896606445312,0.18554067611694336,0.1865372657775879
2026-02-18T18:42:00.179357+00:00,True,ALIVE,0.0,0.1682133674621582,0.16721677780151367
2026-02-18T18:42:00.343313+00:00,True,ALIVE,0.0020079612731933594,0.1639564037322998,0.16596436500549316
2026-02-18T18:42:00.546082+00:00,True,ALIVE,0.0009970664978027344,0.2037796974182129,0.20276880264282227
2026-02-18T18:42:00.732108+00:00,True,ALIVE,0.0,0.18602633476257324,0.1850292682647705
2026-02-18T18:42:00.934575+00:00,True,ALIVE,0.0,0.20346379280090332,0.20346379280090332
2026-02-18T18:42:01.136729+00:00,True,ALIVE,0.0,0.2011570930480957,0.2011570930480957
2026-02-18T18:42:01.342879+00:00,True,ALIVE,0.0009963512420654297,0.20615029335021973,0.20714664459228516
2026-02-18T18:42:01.521591+00:00,True,ALIVE,0.0020089149475097656,0.17769956588745117,0.1787121295928955
2026-02-18T18:42:01.780242+00:00,True,ALIVE,0.0,0.2586512565612793,0.25664234161376953
2026-02-18T18:42:01.996400+00:00,True,ALIVE,0.0,0.21717023849487305,0.21717023849487305
2026-02-18T18:42:02.192575+00:00,True,ALIVE,0.002008199691772461,0.19516396522521973,0.1971721649169922
2026-02-18T18:42:02.369659+00:00,True,ALIVE,0.0020084381103515625,0.17708349227905273,0.17708373069763184
2026-02-18T18:42:02.567780+00:00,True,ALIVE,0.0,0.19913148880004883,0.19712305068969727
2026-02-18T18:42:02.775940+00:00,True,ALIVE,0.002008199691772461,0.20714950561523438,0.20915770530700684
2026-02-18T18:42:02.994249+00:00,True,ALIVE,0.0,0.22031688690185547,0.218308687210083
2026-02-18T18:42:03.212221+00:00,True,ALIVE,0.0,0.2179722785949707,0.2179722785949707
2026-02-18T18:42:03.432130+00:00,True,ALIVE,0.0,0.21790122985839844,0.21790122985839844
2026-02-18T18:42:03.633199+00:00,True,ALIVE,0.0,0.20307707786560059,0.20307707786560059
2026-02-18T18:42:03.849191+00:00,True,ALIVE,0.0,0.21599197387695312,0.21599197387695312
2026-02-18T18:42:04.073121+00:00,True,ALIVE,0.0,0.2229328155517578,0.2229328155517578
2026-02-18T18:42:04.263542+00:00,True,ALIVE,0.0,0.19141840934753418,0.19141840934753418
2026-02-18T18:42:04.484407+00:00,True,ALIVE,0.0,0.22086477279663086,0.22086477279663086
2026-02-18T18:42:04.691657+00:00,True,ALIVE,0.0017561912536621094,0.20549345016479492,0.20724964141845703
2026-02-18T18:42:04.911212+00:00,True,ALIVE,0.001001596450805664,0.22030997276306152,0.21955537796020508
2026-02-18T18:42:05.140023+00:00,True,ALIVE,0.0,0.2298119068145752,0.22881031036376953
2026-02-18T18:42:05.348890+00:00,True,ALIVE,0.0,0.2078707218170166,0.2078707218170166
2026-02-18T18:42:05.542277+00:00,True,ALIVE,0.0,0.19438385963439941,0.19438385963439941
2026-02-18T18:42:05.748347+00:00,True,ALIVE,0.0,0.20507287979125977,0.20507287979125977
2026-02-18T18:42:05.954480+00:00,True,ALIVE,0.0009980201721191406,0.2061316967010498,0.20712971687316895
2026-02-18T18:42:06.155955+00:00,True,ALIVE,0.0,0.20247364044189453,0.2014756202697754
2026-02-18T18:42:06.325704+00:00,True,ALIVE,0.002008199691772461,0.1677408218383789,0.16974902153015137
2026-02-18T18:42:06.522547+00:00,True,ALIVE,0.0,0.1988506317138672,0.19684243202209473
2026-02-18T18:42:06.720915+00:00,True,ALIVE,0.0,0.1973707675933838,0.1973707675933838
2026-02-18T18:42:06.927354+00:00,True,ALIVE,0.0,0.20743656158447266,0.20743656158447266
2026-02-18T18:42:07.120156+00:00,True,ALIVE,0.0,0.19280195236206055,0.19280195236206055
2026-02-18T18:42:07.319745+00:00,True,ALIVE,0.0,0.19958853721618652,0.19958853721618652
2026-02-18T18:42:07.530249+00:00,True,ALIVE,0.0,0.20983123779296875,0.20983123779296875
2026-02-18T18:42:07.737398+00:00,True,ALIVE,0.0,0.20782232284545898,0.20782232284545898
2026-02-18T18:42:07.941679+00:00,True,ALIVE,0.000997304916381836,0.20328354835510254,0.20428085327148438
2026-02-18T18:42:08.143031+00:00,True,ALIVE,0.0,0.20234918594360352,0.20135188102722168
2026-02-18T18:42:08.334592+00:00,True,ALIVE,0.0,0.1915607452392578,0.1915607452392578
2026-02-18T18:42:08.544284+00:00,True,ALIVE,0.0009968280792236328,0.2086951732635498,0.20969200134277344
2026-02-18T18:42:08.735919+00:00,True,ALIVE,0.0009980201721191406,0.1916337013244629,0.1916348934173584
2026-02-18T18:42:08.955468+00:00,True,ALIVE,0.0009970664978027344,0.21955013275146484,0.21954917907714844
2026-02-18T18:42:09.146866+00:00,True,ALIVE,0.0009975433349609375,0.19139814376831055,0.19139862060546875
2026-02-18T18:42:09.329686+00:00,True,ALIVE,0.0,0.1818087100982666,0.18081116676330566
2026-02-18T18:42:09.506352+00:00,True,ALIVE,0.0,0.17867493629455566,0.17867493629455566
2026-02-18T18:42:09.694991+00:00,True,ALIVE,0.0,0.18863844871520996,0.18863844871520996
2026-02-18T18:42:10.021226+00:00,True,ALIVE,0.0,0.3252377510070801,0.3252377510070801
2026-02-18T18:42:10.204710+00:00,True,ALIVE,0.0,0.18448162078857422,0.18448162078857422
2026-02-18T18:42:10.375764+00:00,True,ALIVE,0.0020096302032470703,0.16904449462890625,0.17105412483215332
2026-02-18T18:42:10.580873+00:00,True,ALIVE,0.0,0.20612096786499023,0.20411133766174316
2026-02-18T18:42:10.764002+00:00,True,ALIVE,0.00099945068359375,0.18312644958496094,0.1841259002685547
2026-02-18T18:42:10.956847+00:00,True,ALIVE,0.0,0.19384503364562988,0.19284558296203613
2026-02-18T18:42:11.151766+00:00,True,ALIVE,0.0,0.19383525848388672,0.19383525848388672
2026-02-18T18:42:11.342187+00:00,True,ALIVE,0.0009965896606445312,0.1905076503753662,0.19150424003601074
2026-02-18T18:42:11.514504+00:00,True,ALIVE,0.0,0.17331361770629883,0.1723170280456543
2026-02-18T18:42:11.691908+00:00,True,ALIVE,0.0,0.17740392684936523,0.17740392684936523
2026-02-18T18:42:11.875954+00:00,True,ALIVE,0.0009961128234863281,0.18305015563964844,0.18404626846313477
2026-02-18T18:42:12.064434+00:00,True,ALIVE,0.0,0.18847894668579102,0.1874828338623047
2026-02-18T18:42:12.221617+00:00,True,ALIVE,0.008069276809692383,0.15011096000671387,0.15818023681640625
2026-02-18T18:42:12.391765+00:00,True,ALIVE,0.0,0.1762077808380127,0.1681385040283203
2026-02-18T18:42:12.604931+00:00,True,ALIVE,0.0,0.21417927742004395,0.21417927742004395
2026-02-18T18:42:12.788991+00:00,True,ALIVE,0.0,0.18505620956420898,0.18505620956420898
2026-02-18T18:42:12.982732+00:00,True,ALIVE,0.0,0.1937413215637207,0.1937413215637207
2026-02-18T18:42:13.180124+00:00,True,ALIVE,0.0,0.19739198684692383,0.19739198684692383
2026-02-18T18:42:13.357233+00:00,True,ALIVE,0.0,0.1771092414855957,0.1771092414855957
2026-02-18T18:42:13.533439+00:00,True,ALIVE,0.0,0.17520809173583984,0.17520809173583984
2026-02-18T18:42:13.713920+00:00,True,ALIVE,0.0,0.18147850036621094,0.18147850036621094
2026-02-18T18:42:13.898586+00:00,True,ALIVE,0.0,0.1836693286895752,0.1836693286895752
2026-02-18T18:42:14.097892+00:00,True,ALIVE,0.0,0.19930577278137207,0.19930577278137207
2026-02-18T18:42:14.272902+00:00,True,ALIVE,0.0,0.17600727081298828,0.17600727081298828
2026-02-18T18:42:14.456873+00:00,True,ALIVE,0.0,0.18297314643859863,0.18297314643859863
2026-02-18T18:42:14.655644+00:00,True,ALIVE,0.0,0.19976806640625,0.19976806640625
2026-02-18T18:42:14.935577+00:00,True,ALIVE,0.0,0.27819132804870605,0.27819132804870605
2026-02-18T18:42:15.101721+00:00,True,ALIVE,0.0,0.16788578033447266,0.16788578033447266
2026-02-18T18:42:15.275724+00:00,True,ALIVE,0.0,0.17400288581848145,0.17400288581848145
2026-02-18T18:42:15.448387+00:00,True,ALIVE,0.0,0.1706535816192627,0.1706535816192627
2026-02-18T18:42:15.606214+00:00,True,ALIVE,0.0020072460174560547,0.15782928466796875,0.1598365306854248
2026-02-18T18:42:15.778275+00:00,True,ALIVE,0.0,0.17406845092773438,0.17206120491027832
2026-02-18T18:42:15.938213+00:00,True,ALIVE,0.0,0.15993785858154297,0.15993785858154297
2026-02-18T18:42:16.161836+00:00,True,ALIVE,0.0,0.22362279891967773,0.22362279891967773
2026-02-18T18:42:16.377199+00:00,True,ALIVE,0.0,0.2153637409210205,0.2153637409210205
2026-02-18T18:42:16.628315+00:00,True,ALIVE,0.0,0.2511157989501953,0.2511157989501953
2026-02-18T18:42:16.892733+00:00,True,ALIVE,0.0,0.26341962814331055,0.26341962814331055
2026-02-18T18:42:17.121215+00:00,True,ALIVE,0.0,0.22948026657104492,0.22948026657104492
2026-02-18T18:42:17.345280+00:00,True,ALIVE,0.0,0.22406482696533203,0.22406482696533203
2026-02-18T18:42:17.567137+00:00,True,ALIVE,0.0017426013946533203,0.22011446952819824,0.22185707092285156
2026-02-18T18:42:17.771631+00:00,True,ALIVE,0.0,0.2062368392944336,0.20449423789978027
2026-02-18T18:42:18.077174+00:00,True,ALIVE,0.0,0.20081090927124023,0.20081090927124023
2026-02-18T18:42:18.269665+00:00,True,ALIVE,0.0,0.29622602462768555,0.29622602462768555
2026-02-18T18:42:18.458431+00:00,True,ALIVE,0.0,0.18976259231567383,0.18976259231567383
2026-02-18T18:42:18.623005+00:00,True,ALIVE,0.002008199691772461,0.1625657081604004,0.16457390785217285
2026-02-18T18:42:18.776834+00:00,True,ALIVE,0.0,0.1540966033935547,0.15208840370178223
2026-02-18T18:42:18.963278+00:00,True,ALIVE,0.0,0.18718862533569336,0.18718862533569336
2026-02-18T18:42:19.140775+00:00,True,ALIVE,0.0015108585357666016,0.17698287963867188,0.17849373817443848
2026-02-18T18:42:19.324129+00:00,True,ALIVE,0.0,0.18486475944519043,0.18335390090942383
2026-02-18T18:42:19.511728+00:00,True,ALIVE,0.0,0.18559002876281738,0.18559002876281738
2026-02-18T18:42:19.707719+00:00,True,ALIVE,0.0,0.1979992389678955,0.1979992389678955
2026-02-18T18:42:19.880587+00:00,True,ALIVE,0.0,0.1728687286376953,0.1728687286376953
2026-02-18T18:42:20.057024+00:00,True,ALIVE,0.0,0.1764366626739502,0.1764366626739502
2026-02-18T18:42:20.239318+00:00,True,ALIVE,0.0,0.18129634857177734,0.18129634857177734
2026-02-18T18:42:20.421768+00:00,True,ALIVE,0.0,0.18344712257385254,0.18344712257385254
2026-02-18T18:42:20.608186+00:00,True,ALIVE,0.0,0.18542051315307617,0.18542051315307617
2026-02-18T18:42:20.763087+00:00,True,ALIVE,0.008116006851196289,0.14778351783752441,0.1558995246887207
2026-02-18T18:42:20.933687+00:00,True,ALIVE,0.0007910728454589844,0.17792415618896484,0.17059922218322754
2026-02-18T18:42:21.131404+00:00,True,ALIVE,0.0009965896606445312,0.1975111961364746,0.19771671295166016
2026-02-18T18:42:21.317614+00:00,True,ALIVE,0.0,0.18720674514770508,0.18621015548706055
2026-02-18T18:42:21.523769+00:00,True,ALIVE,0.0017426013946533203,0.20441293716430664,0.20615553855895996
2026-02-18T18:42:21.708943+00:00,True,ALIVE,0.0017418861389160156,0.18517470359802246,0.18517398834228516
2026-02-18T18:42:21.886670+00:00,True,ALIVE,0.0,0.17946887016296387,0.17772698402404785
2026-02-18T18:42:22.057206+00:00,True,ALIVE,0.0,0.17053556442260742,0.17053556442260742
2026-02-18T18:42:22.228398+00:00,True,ALIVE,0.0007631778717041016,0.17042899131774902,0.17119216918945312
2026-02-18T18:42:22.405102+00:00,True,ALIVE,0.0,0.17647171020507812,0.17570853233337402
2026-02-18T18:42:22.582622+00:00,True,ALIVE,0.0,0.17751860618591309,0.17751860618591309
2026-02-18T18:42:22.759088+00:00,True,ALIVE,0.0017406940460205078,0.17572259902954102,0.17746329307556152
2026-02-18T18:42:22.919184+00:00,True,ALIVE,0.0,0.16183686256408691,0.1600961685180664
2026-02-18T18:42:23.104517+00:00,True,ALIVE,0.0009965896606445312,0.18433642387390137,0.1853330135345459
2026-02-18T18:42:23.291340+00:00,True,ALIVE,0.0,0.18682217597961426,0.18582558631896973
2026-02-18T18:42:23.469815+00:00,True,ALIVE,0.0,0.17947173118591309,0.17947173118591309
2026-02-18T18:42:23.648821+00:00,True,ALIVE,0.0,0.17695951461791992,0.17695951461791992
2026-02-18T18:42:23.821356+00:00,True,ALIVE,0.0009961128234863281,0.1735854148864746,0.17458152770996094
2026-02-18T18:42:23.994676+00:00,True,ALIVE,0.0020134449005126953,0.1723031997680664,0.17332053184509277
2026-02-18T18:42:24.173159+00:00,True,ALIVE,0.0,0.1804957389831543,0.1784822940826416
2026-02-18T18:42:24.348082+00:00,True,ALIVE,0.0010864734649658203,0.17383623123168945,0.17492270469665527
2026-02-18T18:42:24.526848+00:00,True,ALIVE,0.0,0.17885684967041016,0.17777037620544434
2026-02-18T18:42:24.703903+00:00,True,ALIVE,0.0,0.17805171012878418,0.17805171012878418
2026-02-18T18:42:24.866138+00:00,True,ALIVE,0.0,0.16223430633544922,0.16223430633544922
2026-02-18T18:42:25.065440+00:00,True,ALIVE,0.0012624263763427734,0.19803953170776367,0.19930195808410645
2026-02-18T18:42:25.257638+00:00,True,ALIVE,0.002008199691772461,0.1914529800415039,0.1921987533569336
2026-02-18T18:42:25.451446+00:00,True,ALIVE,0.0,0.1958158016204834,0.19380760192871094
2026-02-18T18:42:25.642711+00:00,True,ALIVE,0.0009961128234863281,0.19026875495910645,0.19126486778259277
2026-02-18T18:42:25.828056+00:00,True,ALIVE,0.0009965896606445312,0.18534421920776367,0.18534469604492188
2026-02-18T18:42:25.995885+00:00,True,ALIVE,0.0020089149475097656,0.16681718826293945,0.1678295135498047
2026-02-18T18:42:26.174914+00:00,True,ALIVE,0.0,0.17902922630310059,0.17702031135559082
2026-02-18T18:42:26.370768+00:00,True,ALIVE,0.0,0.19686555862426758,0.19686555862426758
2026-02-18T18:42:26.553242+00:00,True,ALIVE,0.000997304916381836,0.18247342109680176,0.1834707260131836
2026-02-18T18:42:26.716463+00:00,True,ALIVE,0.0,0.16421842575073242,0.16322112083435059
2026-02-18T18:42:26.870744+00:00,True,ALIVE,0.0,0.1542811393737793,0.1542811393737793
2026-02-18T18:42:27.076767+00:00,True,ALIVE,0.0,0.20502614974975586,0.20502614974975586
2026-02-18T18:42:27.250759+00:00,True,ALIVE,0.0,0.1749887466430664,0.1749887466430664
2026-02-18T18:42:27.443920+00:00,True,ALIVE,0.0009963512420654297,0.19216442108154297,0.1931607723236084
2026-02-18T18:42:27.626764+00:00,True,ALIVE,0.0,0.1830134391784668,0.18201708793640137
2026-02-18T18:42:27.808212+00:00,True,ALIVE,0.0020089149475097656,0.1802659034729004,0.18227481842041016
2026-02-18T18:42:27.974566+00:00,True,ALIVE,0.0,0.1683638095855713,0.16635489463806152
2026-02-18T18:42:28.152956+00:00,True,ALIVE,0.002008199691772461,0.17638134956359863,0.1783895492553711
2026-02-18T18:42:28.322728+00:00,True,ALIVE,0.0009968280792236328,0.17078280448913574,0.16977143287658691
2026-02-18T18:42:28.601353+00:00,True,ALIVE,0.0,0.2782409191131592,0.27724409103393555
2026-02-18T18:42:28.771331+00:00,True,ALIVE,0.0,0.17135953903198242,0.17135953903198242
2026-02-18T18:42:28.965172+00:00,True,ALIVE,0.000997781753540039,0.19284343719482422,0.19384121894836426
2026-02-18T18:42:29.158786+00:00,True,ALIVE,0.0,0.19361376762390137,0.19261598587036133
2026-02-18T18:42:29.348979+00:00,True,ALIVE,0.0,0.18473601341247559,0.18473601341247559
2026-02-18T18:42:29.508989+00:00,True,ALIVE,0.002007722854614258,0.16445660591125488,0.16646432876586914
2026-02-18T18:42:29.669494+00:00,True,ALIVE,0.002009153366088867,0.16050338745117188,0.16050481796264648
2026-02-18T18:42:29.831973+00:00,True,ALIVE,0.0,0.1644883155822754,0.16247916221618652
2026-02-18T18:42:29.984595+00:00,True,ALIVE,0.0,0.15262198448181152,0.15262198448181152
2026-02-18T18:42:30.136503+00:00,True,ALIVE,0.0,0.15190815925598145,0.15190815925598145
2026-02-18T18:42:30.290594+00:00,True,ALIVE,0.0,0.15409135818481445,0.15409135818481445
2026-02-18T18:42:30.477076+00:00,True,ALIVE,0.0,0.18648171424865723,0.18648171424865723
2026-02-18T18:42:30.700426+00:00,True,ALIVE,0.0020143985748291016,0.22133588790893555,0.22335028648376465
2026-02-18T18:42:30.882322+00:00,True,ALIVE,0.0,0.1797466278076172,0.17773222923278809
2026-02-18T18:42:31.078857+00:00,True,ALIVE,0.002009153366088867,0.19868946075439453,0.2006986141204834
2026-02-18T18:42:31.263505+00:00,True,ALIVE,0.0,0.18665719032287598,0.1846480369567871
2026-02-18T18:42:31.541276+00:00,True,ALIVE,0.0,0.2777705192565918,0.2777705192565918
2026-02-18T18:42:31.938314+00:00,True,ALIVE,0.0,0.39551258087158203,0.39551258087158203
2026-02-18T18:42:32.184495+00:00,True,ALIVE,0.000997304916381836,0.24670934677124023,0.24770665168762207
2026-02-18T18:42:32.525069+00:00,True,ALIVE,0.0,0.340573787689209,0.33957648277282715
2026-02-18T18:42:32.742811+00:00,True,ALIVE,0.0,0.217742919921875,0.217742919921875
2026-02-18T18:42:32.972289+00:00,True,ALIVE,0.0009605884552001953,0.22951388359069824,0.23047447204589844
2026-02-18T18:42:33.241314+00:00,True,ALIVE,0.0009968280792236328,0.26898860931396484,0.2690248489379883
2026-02-18T18:42:33.458264+00:00,True,ALIVE,0.0011081695556640625,0.21683907508850098,0.2169504165649414
2026-02-18T18:42:33.651483+00:00,True,ALIVE,0.0,0.19432687759399414,0.19321870803833008
2026-02-18T18:42:33.816435+00:00,True,ALIVE,0.0,0.16495203971862793,0.16495203971862793
2026-02-18T18:42:34.045248+00:00,True,ALIVE,0.0,0.22781634330749512,0.22781634330749512
2026-02-18T18:42:34.339729+00:00,True,ALIVE,0.0,0.294480562210083,0.294480562210083
2026-02-18T18:42:34.565710+00:00,True,ALIVE,0.0,0.22697877883911133,0.22697877883911133
2026-02-18T18:42:34.810339+00:00,True,ALIVE,0.0020093917846679688,0.24261975288391113,0.2446291446685791
2026-02-18T18:42:35.007492+00:00,True,ALIVE,0.0,0.19715380668640137,0.1951444149017334
2026-02-18T18:42:35.176092+00:00,True,ALIVE,0.0,0.1706075668334961,0.1706075668334961
2026-02-18T18:42:35.340748+00:00,True,ALIVE,0.0009968280792236328,0.16365933418273926,0.1646561622619629
2026-02-18T18:42:35.508841+00:00,True,ALIVE,0.0,0.16909027099609375,0.16809344291687012
2026-02-18T18:42:35.699729+00:00,True,ALIVE,0.000997781753540039,0.18989014625549316,0.1908879280090332
2026-02-18T18:42:35.876267+00:00,True,ALIVE,0.0,0.1764373779296875,0.17543959617614746
2026-02-18T18:42:36.065470+00:00,True,ALIVE,0.0,0.18930339813232422,0.18930339813232422
2026-02-18T18:42:36.245169+00:00,True,ALIVE,0.0,0.17868781089782715,0.17868781089782715
2026-02-18T18:42:36.457088+00:00,True,ALIVE,0.0,0.2139279842376709,0.2139279842376709
2026-02-18T18:42:36.651107+00:00,True,ALIVE,0.0,0.19200968742370605,0.19200968742370605
2026-02-18T18:42:36.837077+00:00,True,ALIVE,0.0,0.18797993659973145,0.18797993659973145
2026-02-18T18:42:37.002361+00:00,True,ALIVE,0.0020089149475097656,0.16327428817749023,0.165283203125
2026-02-18T18:42:37.172588+00:00,True,ALIVE,0.0,0.1702282428741455,0.16821932792663574
2026-02-18T18:42:37.349997+00:00,True,ALIVE,0.0,0.1784210205078125,0.1784210205078125
2026-02-18T18:42:37.534897+00:00,True,ALIVE,0.0,0.18489909172058105,0.18489909172058105
2026-02-18T18:42:37.710216+00:00,True,ALIVE,0.0020089149475097656,0.17430686950683594,0.1763157844543457
2026-02-18T18:42:37.896218+00:00,True,ALIVE,0.000997781753540039,0.1870133876800537,0.18600225448608398
2026-02-18T18:42:38.075769+00:00,True,ALIVE,0.0,0.17955231666564941,0.17855453491210938
2026-02-18T18:42:38.265520+00:00,True,ALIVE,0.0,0.18873810768127441,0.18873810768127441
2026-02-18T18:42:38.421838+00:00,True,ALIVE,0.0,0.15832734107971191,0.15832734107971191
2026-02-18T18:42:38.582233+00:00,True,ALIVE,0.0,0.1583859920501709,0.1583859920501709
2026-02-18T18:42:38.734126+00:00,True,ALIVE,0.0,0.15390229225158691,0.15390229225158691
2026-02-18T18:42:38.894398+00:00,True,ALIVE,0.0,0.16027164459228516,0.16027164459228516
2026-02-18T18:42:39.032757+00:00,True,ALIVE,0.0,0.13835859298706055,0.13835859298706055
2026-02-18T18:42:39.194002+00:00,True,ALIVE,0.0,0.14809846878051758,0.14809846878051758
2026-02-18T18:42:39.350572+00:00,True,ALIVE,0.0,0.16971731185913086,0.16971731185913086
2026-02-18T18:42:39.498442+00:00,True,ALIVE,0.0,0.14786958694458008,0.14786958694458008
2026-02-18T18:42:39.657846+00:00,True,ALIVE,0.003390073776245117,0.15601372718811035,0.15940380096435547
2026-02-18T18:42:39.810734+00:00,True,ALIVE,0.0,0.15627813339233398,0.15288805961608887
2026-02-18T18:42:39.964998+00:00,True,ALIVE,0.0020074844360351562,0.15225625038146973,0.15426373481750488
2026-02-18T18:42:40.126527+00:00,True,ALIVE,0.0,0.16353726387023926,0.1615297794342041
2026-02-18T18:42:40.323216+00:00,True,ALIVE,0.0,0.19467997550964355,0.19467997550964355
2026-02-18T18:42:40.524200+00:00,True,ALIVE,0.0,0.2019963264465332,0.2019963264465332
2026-02-18T18:42:40.735411+00:00,True,ALIVE,0.0009958744049072266,0.2112116813659668,0.21220755577087402
2026-02-18T18:42:40.925421+00:00,True,ALIVE,0.0,0.19100522994995117,0.19000935554504395
2026-02-18T18:42:41.100608+00:00,True,ALIVE,0.0,0.1751878261566162,0.1751878261566162
2026-02-18T18:42:41.270771+00:00,True,ALIVE,0.0,0.17016243934631348,0.17016243934631348
2026-02-18T18:42:41.453617+00:00,True,ALIVE,0.0,0.1828460693359375,0.1828460693359375
2026-02-18T18:42:41.632012+00:00,True,ALIVE,0.0,0.177321195602417,0.177321195602417
2026-02-18T18:42:41.808855+00:00,True,ALIVE,0.0,0.17692017555236816,0.17692017555236816
2026-02-18T18:42:41.985496+00:00,True,ALIVE,0.0009968280792236328,0.17664051055908203,0.17763733863830566
2026-02-18T18:42:42.141493+00:00,True,ALIVE,0.0,0.15699481964111328,0.15599799156188965
2026-02-18T18:42:42.305655+00:00,True,ALIVE,0.0,0.16416144371032715,0.16416144371032715
2026-02-18T18:42:42.462397+00:00,True,ALIVE,0.002007722854614258,0.15473389625549316,0.15674161911010742
2026-02-18T18:42:42.647333+00:00,True,ALIVE,0.0,0.18594694137573242,0.18393921852111816
2026-02-18T18:42:42.834118+00:00,True,ALIVE,0.0,0.1867847442626953,0.1867847442626953
2026-02-18T18:42:43.000975+00:00,True,ALIVE,0.0,0.16685724258422852,0.16685724258422852
2026-02-18T18:42:43.162238+00:00,True,ALIVE,0.0,0.16225981712341309,0.16225981712341309
2026-02-18T18:42:43.328346+00:00,True,ALIVE,0.0,0.1661078929901123,0.1661078929901123
2026-02-18T18:42:43.486367+00:00,True,ALIVE,0.0020067691802978516,0.15601468086242676,0.1580214500427246
2026-02-18T18:42:43.650222+00:00,True,ALIVE,0.013380765914916992,0.1524808406829834,0.16385483741760254
2026-02-18T18:42:43.813657+00:00,True,ALIVE,0.002979755401611328,0.17383646965026855,0.1634354591369629
2026-02-18T18:42:43.972351+00:00,True,ALIVE,0.0,0.15814518928527832,0.155165433883667
2026-02-18T18:42:44.118927+00:00,True,ALIVE,0.0,0.15010476112365723,0.15010476112365723
2026-02-18T18:42:44.267234+00:00,True,ALIVE,0.0,0.14830684661865234,0.14830684661865234
2026-02-18T18:42:44.427458+00:00,True,ALIVE,0.0,0.16022348403930664,0.16022348403930664
2026-02-18T18:42:44.581880+00:00,True,ALIVE,0.0,0.15442180633544922,0.15442180633544922
2026-02-18T18:42:44.740240+00:00,True,ALIVE,0.0,0.14817452430725098,0.14817452430725098
2026-02-18T18:42:44.926085+00:00,True,ALIVE,0.0,0.1960306167602539,0.1960306167602539
2026-02-18T18:42:45.121519+00:00,True,ALIVE,0.0,0.1930379867553711,0.1930379867553711
2026-02-18T18:42:45.346821+00:00,True,ALIVE,0.0,0.22769808769226074,0.22769808769226074
2026-02-18T18:42:45.496985+00:00,True,ALIVE,0.012564659118652344,0.13759922981262207,0.15016388893127441
2026-02-18T18:42:45.654718+00:00,True,ALIVE,0.0,0.1682898998260498,0.15572524070739746
2026-02-18T18:42:45.812903+00:00,True,ALIVE,0.0,0.16019296646118164,0.16019296646118164
2026-02-18T18:42:45.969156+00:00,True,ALIVE,0.0,0.15625262260437012,0.15625262260437012
2026-02-18T18:42:46.186565+00:00,True,ALIVE,0.0020072460174560547,0.21540236473083496,0.21740961074829102
2026-02-18T18:42:46.360251+00:00,True,ALIVE,0.0,0.17569351196289062,0.17368626594543457
2026-02-18T18:42:46.529952+00:00,True,ALIVE,0.0020079612731933594,0.1676921844482422,0.16970014572143555
2026-02-18T18:42:46.705265+00:00,True,ALIVE,0.0,0.17183661460876465,0.1698286533355713
2026-02-18T18:42:46.869487+00:00,True,ALIVE,0.0,0.1697065830230713,0.1697065830230713
2026-02-18T18:42:47.069706+00:00,True,ALIVE,0.0,0.20021939277648926,0.20021939277648926
2026-02-18T18:42:47.294530+00:00,True,ALIVE,0.002737283706665039,0.22101521492004395,0.22375249862670898
2026-02-18T18:42:47.507807+00:00,True,ALIVE,0.0,0.21608829498291016,0.21335101127624512
2026-02-18T18:42:47.709845+00:00,True,ALIVE,0.0009975433349609375,0.20104074478149414,0.20203828811645508
2026-02-18T18:42:47.892482+00:00,True,ALIVE,0.0,0.1846318244934082,0.18363428115844727
2026-02-18T18:42:48.063960+00:00,True,ALIVE,0.0,0.1714780330657959,0.1714780330657959
2026-02-18T18:42:48.244252+00:00,True,ALIVE,0.0,0.18029165267944336,0.18029165267944336
2026-02-18T18:42:48.426101+00:00,True,ALIVE,0.000997304916381836,0.18085193634033203,0.18184924125671387
2026-02-18T18:42:48.650042+00:00,True,ALIVE,0.0009975433349609375,0.22394084930419922,0.22394108772277832
2026-02-18T18:42:48.905738+00:00,True,ALIVE,0.0008857250213623047,0.25580787658691406,0.25569605827331543
2026-02-18T18:42:49.126194+00:00,True,ALIVE,0.0,0.22134137153625488,0.22045564651489258
2026-02-18T18:42:49.302114+00:00,True,ALIVE,0.0,0.17390990257263184,0.17390990257263184
2026-02-18T18:42:49.529505+00:00,True,ALIVE,0.0,0.22840428352355957,0.22840428352355957
2026-02-18T18:42:49.703933+00:00,True,ALIVE,0.0009970664978027344,0.17442798614501953,0.17542505264282227
2026-02-18T18:42:49.914470+00:00,True,ALIVE,0.0,0.21053671836853027,0.20953965187072754
2026-02-18T18:42:50.102502+00:00,True,ALIVE,0.0,0.18902897834777832,0.18902897834777832
2026-02-18T18:42:50.305637+00:00,True,ALIVE,0.0,0.20213532447814941,0.20213532447814941
2026-02-18T18:42:50.480034+00:00,True,ALIVE,0.0,0.17440009117126465,0.17440009117126465
2026-02-18T18:42:50.655251+00:00,True,ALIVE,0.0020084381103515625,0.17420530319213867,0.17621374130249023
2026-02-18T18:42:50.831508+00:00,True,ALIVE,0.0009965896606445312,0.17726874351501465,0.17625689506530762
2026-02-18T18:42:51.017051+00:00,True,ALIVE,0.0,0.18554282188415527,0.18454623222351074
2026-02-18T18:42:51.196539+00:00,True,ALIVE,0.0009970664978027344,0.1794877052307129,0.18048477172851562
2026-02-18T18:42:51.381932+00:00,True,ALIVE,0.0,0.18638968467712402,0.1853926181793213
2026-02-18T18:42:51.579622+00:00,True,ALIVE,0.0,0.196641206741333,0.196641206741333
2026-02-18T18:42:51.788465+00:00,True,ALIVE,0.0,0.20989251136779785,0.20989251136779785
2026-02-18T18:42:51.973854+00:00,True,ALIVE,0.0,0.18538928031921387,0.18538928031921387
2026-02-18T18:42:52.170760+00:00,True,ALIVE,0.002008676528930664,0.19489693641662598,0.19690561294555664
2026-02-18T18:42:52.347648+00:00,True,ALIVE,0.0,0.17889618873596191,0.17688751220703125
2026-02-18T18:42:52.520257+00:00,True,ALIVE,0.0,0.17260956764221191,0.17260956764221191
2026-02-18T18:42:52.690447+00:00,True,ALIVE,0.0,0.16919183731079102,0.16919183731079102
2026-02-18T18:42:52.866882+00:00,True,ALIVE,0.0,0.17643523216247559,0.17643523216247559
2026-02-18T18:42:53.057342+00:00,True,ALIVE,0.0,0.19145750999450684,0.19145750999450684
2026-02-18T18:42:53.243633+00:00,True,ALIVE,0.0,0.1851511001586914,0.1851511001586914
2026-02-18T18:42:53.430111+00:00,True,ALIVE,0.0,0.18662142753601074,0.18662142753601074
2026-02-18T18:42:53.619643+00:00,True,ALIVE,0.0,0.19052910804748535,0.19052910804748535
2026-02-18T18:42:53.824336+00:00,True,ALIVE,0.0,0.20294976234436035,0.20294976234436035
2026-02-18T18:42:53.991699+00:00,True,ALIVE,0.002008199691772461,0.167097806930542,0.16910600662231445
2026-02-18T18:42:54.187124+00:00,True,ALIVE,0.0020089149475097656,0.19542407989501953,0.19542479515075684
2026-02-18T18:42:54.371368+00:00,True,ALIVE,0.0,0.18424272537231445,0.1822338104248047
2026-02-18T18:42:54.541927+00:00,True,ALIVE,0.0,0.17256903648376465,0.17256903648376465
2026-02-18T18:42:54.746024+00:00,True,ALIVE,0.0,0.20409727096557617,0.20409727096557617
2026-02-18T18:42:54.924374+00:00,True,ALIVE,0.0009961128234863281,0.1773538589477539,0.17834997177124023
2026-02-18T18:42:55.102500+00:00,True,ALIVE,0.0,0.17812561988830566,0.17712950706481934
2026-02-18T18:42:55.277895+00:00,True,ALIVE,0.0,0.1763913631439209,0.1763913631439209
2026-02-18T18:42:55.478095+00:00,True,ALIVE,0.0006453990936279297,0.199554443359375,0.20019984245300293
2026-02-18T18:42:55.658799+00:00,True,ALIVE,0.0,0.181349515914917,0.18070411682128906
2026-02-18T18:42:55.862015+00:00,True,ALIVE,0.0,0.20120787620544434,0.20120787620544434
2026-02-18T18:42:56.055180+00:00,True,ALIVE,0.0,0.19517278671264648,0.19517278671264648
2026-02-18T18:42:56.259835+00:00,True,ALIVE,0.002008676528930664,0.20264673233032227,0.20465540885925293
2026-02-18T18:42:56.434137+00:00,True,ALIVE,0.0,0.17631101608276367,0.174302339553833
2026-02-18T18:42:56.702220+00:00,True,ALIVE,0.0,0.2680823802947998,0.2680823802947998
2026-02-18T18:42:56.892564+00:00,True,ALIVE,0.0,0.1893477439880371,0.1893477439880371
2026-02-18T18:42:57.076028+00:00,True,ALIVE,0.0,0.18446063995361328,0.18446063995361328
2026-02-18T18:42:57.257663+00:00,True,ALIVE,0.0,0.17544221878051758,0.17544221878051758
2026-02-18T18:42:57.444979+00:00,True,ALIVE,0.0,0.19251132011413574,0.19251132011413574
2026-02-18T18:42:57.625114+00:00,True,ALIVE,0.0,0.18113207817077637,0.18113207817077637
2026-02-18T18:42:57.834311+00:00,True,ALIVE,0.0,0.2091970443725586,0.2091970443725586
2026-02-18T18:42:58.032844+00:00,True,ALIVE,0.0,0.1985328197479248,0.1985328197479248
2026-02-18T18:42:58.232261+00:00,True,ALIVE,0.0,0.1994173526763916,0.1994173526763916
2026-02-18T18:42:58.407633+00:00,True,ALIVE,0.0,0.17537236213684082,0.17537236213684082
2026-02-18T18:42:58.588225+00:00,True,ALIVE,0.0,0.18059206008911133,0.18059206008911133
2026-02-18T18:42:58.770744+00:00,True,ALIVE,0.0020074844360351562,0.1805109977722168,0.18251848220825195
2026-02-18T18:42:58.950309+00:00,True,ALIVE,0.0009961128234863281,0.18057632446289062,0.1795649528503418
2026-02-18T18:42:59.128097+00:00,True,ALIVE,0.0,0.17878389358520508,0.17778778076171875
2026-02-18T18:42:59.308690+00:00,True,ALIVE,0.0,0.1795971393585205,0.1795971393585205
2026-02-18T18:42:59.515997+00:00,True,ALIVE,0.0,0.20774626731872559,0.20774626731872559
2026-02-18T18:42:59.696391+00:00,True,ALIVE,0.0009963512420654297,0.17995429039001465,0.18095064163208008
2026-02-18T18:42:59.894986+00:00,True,ALIVE,0.0,0.1985938549041748,0.19759750366210938
2026-02-18T18:43:00.087182+00:00,True,ALIVE,0.0,0.1931934356689453,0.1931934356689453
2026-02-18T18:43:00.271261+00:00,True,ALIVE,0.0,0.18308281898498535,0.18308281898498535
2026-02-18T18:43:00.442435+00:00,True,ALIVE,0.0,0.17217040061950684,0.17217040061950684
2026-02-18T18:43:00.612970+00:00,True,ALIVE,0.0,0.17053532600402832,0.17053532600402832
2026-02-18T18:43:00.790443+00:00,True,ALIVE,0.0,0.17647576332092285,0.17647576332092285
2026-02-18T18:43:00.984662+00:00,True,ALIVE,0.0,0.1941380500793457,0.1941380500793457
2026-02-18T18:43:01.167096+00:00,True,ALIVE,0.0006155967712402344,0.18289637565612793,0.18351197242736816
2026-02-18T18:43:01.349293+00:00,True,ALIVE,0.0009965896606445312,0.18181586265563965,0.18219685554504395
2026-02-18T18:43:01.552096+00:00,True,ALIVE,0.000995635986328125,0.2028036117553711,0.2028026580810547
2026-02-18T18:43:01.732260+00:00,True,ALIVE,0.000997781753540039,0.18016266822814941,0.18016481399536133
2026-02-18T18:43:01.918608+00:00,True,ALIVE,0.0,0.1873455047607422,0.18634772300720215
2026-02-18T18:43:02.124912+00:00,True,ALIVE,0.0,0.20429444313049316,0.20429444313049316
2026-02-18T18:43:02.325187+00:00,True,ALIVE,0.002008199691772461,0.20027685165405273,0.2022850513458252
2026-02-18T18:43:02.539167+00:00,True,ALIVE,0.0,0.2159876823425293,0.21397948265075684
2026-02-18T18:43:02.743340+00:00,True,ALIVE,0.0,0.2021656036376953,0.2021656036376953
2026-02-18T18:43:03.328247+00:00,True,ALIVE,0.0,0.5859174728393555,0.5859174728393555
2026-02-18T18:43:03.841487+00:00,True,ALIVE,0.0,0.5132389068603516,0.5132389068603516
2026-02-18T18:43:04.084179+00:00,True,ALIVE,0.0009965896606445312,0.2426929473876953,0.24368953704833984
2026-02-18T18:43:04.316257+00:00,True,ALIVE,0.0,0.23307538032531738,0.23207879066467285
2026-02-18T18:43:04.529278+00:00,True,ALIVE,0.002009153366088867,0.2110121250152588,0.21302127838134766
2026-02-18T18:43:04.745134+00:00,True,ALIVE,0.0,0.21585536003112793,0.21384620666503906
2026-02-18T18:43:05.071145+00:00,True,ALIVE,0.0,0.32669806480407715,0.32669806480407715
2026-02-18T18:43:05.290983+00:00,True,ALIVE,0.0009989738464355469,0.22016072273254395,0.2211596965789795
2026-02-18T18:43:05.507424+00:00,True,ALIVE,0.0,0.21644282341003418,0.21544384956359863
2026-02-18T18:43:05.748934+00:00,True,ALIVE,0.0,0.24151158332824707,0.24151158332824707
2026-02-18T18:43:05.973119+00:00,True,ALIVE,0.0010633468627929688,0.22411775588989258,0.22518110275268555
2026-02-18T18:43:06.213278+00:00,True,ALIVE,0.0,0.2392137050628662,0.23815035820007324
2026-02-18T18:43:06.518078+00:00,True,ALIVE,0.0,0.30581140518188477,0.30581140518188477
2026-02-18T18:43:06.743549+00:00,True,ALIVE,0.0,0.22446012496948242,0.22446012496948242
2026-02-18T18:43:06.955024+00:00,True,ALIVE,0.0017421245574951172,0.21174097061157227,0.21348309516906738
2026-02-18T18:43:07.178017+00:00,True,ALIVE,0.0,0.2238020896911621,0.222059965133667
2026-02-18T18:43:07.369688+00:00,True,ALIVE,0.0,0.19160771369934082,0.19160771369934082
2026-02-18T18:43:07.566886+00:00,True,ALIVE,0.0,0.19719624519348145,0.19719624519348145
2026-02-18T18:43:07.767547+00:00,True,ALIVE,0.010120630264282227,0.19153833389282227,0.2016589641571045
2026-02-18T18:43:07.927686+00:00,True,ALIVE,0.0,0.17025971412658691,0.1601390838623047
2026-02-18T18:43:08.097297+00:00,True,ALIVE,0.0,0.1676042079925537,0.1676042079925537
2026-02-18T18:43:08.277836+00:00,True,ALIVE,0.0,0.18053770065307617,0.18053770065307617
2026-02-18T18:43:08.447641+00:00,True,ALIVE,0.0020089149475097656,0.16947436332702637,0.17148327827453613
2026-02-18T18:43:08.646324+00:00,True,ALIVE,0.0009975433349609375,0.20002388954162598,0.19901251792907715
2026-02-18T18:43:08.848614+00:00,True,ALIVE,0.0009980201721191406,0.20228934288024902,0.20228981971740723
2026-02-18T18:43:09.029756+00:00,True,ALIVE,0.0,0.18214106559753418,0.18114304542541504
2026-02-18T18:43:09.215717+00:00,True,ALIVE,0.0009965896606445312,0.18496346473693848,0.185960054397583
2026-02-18T18:43:09.522130+00:00,True,ALIVE,0.0,0.30740952491760254,0.306412935256958
2026-02-18T18:43:09.716449+00:00,True,ALIVE,0.0,0.1943190097808838,0.1943190097808838
2026-02-18T18:43:09.904740+00:00,True,ALIVE,0.0,0.18829107284545898,0.18829107284545898
2026-02-18T18:43:10.086077+00:00,True,ALIVE,0.0,0.18133759498596191,0.18133759498596191
2026-02-18T18:43:10.262610+00:00,True,ALIVE,0.0,0.17653250694274902,0.17653250694274902
2026-02-18T18:43:10.444000+00:00,True,ALIVE,0.0,0.18138980865478516,0.18138980865478516
2026-02-18T18:43:10.651052+00:00,True,ALIVE,0.002008199691772461,0.20504450798034668,0.20705270767211914
2026-02-18T18:43:10.830970+00:00,True,ALIVE,0.0009965896606445312,0.18092942237854004,0.1799178123474121
2026-02-18T18:43:11.033548+00:00,True,ALIVE,0.0,0.20357418060302734,0.2025775909423828
2026-02-18T18:43:11.222588+00:00,True,ALIVE,0.0,0.18804359436035156,0.18804359436035156
2026-02-18T18:43:11.409163+00:00,True,ALIVE,0.0,0.18757152557373047,0.18757152557373047
2026-02-18T18:43:11.581478+00:00,True,ALIVE,0.000997781753540039,0.17131781578063965,0.1723155975341797
2026-02-18T18:43:11.765853+00:00,True,ALIVE,0.0,0.18537211418151855,0.18437433242797852
2026-02-18T18:43:11.962301+00:00,True,ALIVE,0.0010790824890136719,0.19536948204040527,0.19644856452941895
2026-02-18T18:43:12.144737+00:00,True,ALIVE,0.0,0.18351507186889648,0.1824359893798828
2026-02-18T18:43:12.323626+00:00,True,ALIVE,0.0,0.17888879776000977,0.17888879776000977
2026-02-18T18:43:12.558434+00:00,True,ALIVE,0.0,0.23480749130249023,0.23480749130249023
2026-02-18T18:43:12.763591+00:00,True,ALIVE,0.0,0.20515680313110352,0.20515680313110352
2026-02-18T18:43:12.942809+00:00,True,ALIVE,0.0,0.1782217025756836,0.1782217025756836
2026-02-18T18:43:13.112763+00:00,True,ALIVE,0.0,0.17095112800598145,0.17095112800598145
2026-02-18T18:43:13.280861+00:00,True,ALIVE,0.0,0.16635608673095703,0.16635608673095703
2026-02-18T18:43:13.448431+00:00,True,ALIVE,0.0,0.1693122386932373,0.1693122386932373
2026-02-18T18:43:13.612099+00:00,True,ALIVE,0.0,0.1636676788330078,0.1636676788330078
2026-02-18T18:43:13.779013+00:00,True,ALIVE,0.0,0.16691350936889648,0.16691350936889648
2026-02-18T18:43:13.941668+00:00,True,ALIVE,0.010770559310913086,0.1518847942352295,0.16265535354614258
2026-02-18T18:43:14.099337+00:00,True,ALIVE,0.01021575927734375,0.15822339057922363,0.1576685905456543
2026-02-18T18:43:14.263487+00:00,True,ALIVE,0.0020089149475097656,0.17235755920410156,0.16415071487426758
2026-02-18T18:43:14.432837+00:00,True,ALIVE,0.002009153366088867,0.16934990882873535,0.16935014724731445
2026-02-18T18:43:14.655024+00:00,True,ALIVE,0.0,0.22419524192810059,0.22218608856201172
2026-02-18T18:43:14.849406+00:00,True,ALIVE,0.0,0.19338417053222656,0.19338417053222656
2026-02-18T18:43:15.059942+00:00,True,ALIVE,0.0,0.20952630043029785,0.20952630043029785
2026-02-18T18:43:15.254904+00:00,True,ALIVE,0.0009968280792236328,0.19597268104553223,0.19696950912475586
2026-02-18T18:43:15.443908+00:00,True,ALIVE,0.0,0.18799328804016113,0.1869964599609375
2026-02-18T18:43:15.622915+00:00,True,ALIVE,0.0,0.1810147762298584,0.1810147762298584
2026-02-18T18:43:15.801927+00:00,True,ALIVE,0.0,0.17901206016540527,0.17901206016540527
2026-02-18T18:43:15.998570+00:00,True,ALIVE,0.0,0.19602370262145996,0.19602370262145996
2026-02-18T18:43:16.260891+00:00,True,ALIVE,0.0009980201721191406,0.26194238662719727,0.2629404067993164
2026-02-18T18:43:16.476160+00:00,True,ALIVE,0.0020117759704589844,0.21425485610961914,0.21526861190795898
2026-02-18T18:43:16.664591+00:00,True,ALIVE,0.0,0.18843531608581543,0.18642354011535645
2026-02-18T18:43:16.829903+00:00,True,ALIVE,0.0,0.1653118133544922,0.1653118133544922
2026-02-18T18:43:16.992044+00:00,True,ALIVE,0.0020101070404052734,0.1621387004852295,0.16414880752563477
2026-02-18T18:43:17.201868+00:00,True,ALIVE,0.0009965896606445312,0.21083807945251465,0.2098245620727539
2026-02-18T18:43:17.397751+00:00,True,ALIVE,0.0009975433349609375,0.19588208198547363,0.19588303565979004
2026-02-18T18:43:17.598865+00:00,True,ALIVE,0.0009970664978027344,0.20111417770385742,0.20111370086669922
2026-02-18T18:43:17.795815+00:00,True,ALIVE,0.0,0.19794702529907227,0.19694995880126953
2026-02-18T18:43:17.987072+00:00,True,ALIVE,0.0,0.1902604103088379,0.1902604103088379
2026-02-18T18:43:18.168387+00:00,True,ALIVE,0.0012001991271972656,0.18111157417297363,0.1823117733001709
2026-02-18T18:43:18.347799+00:00,True,ALIVE,0.002009153366088867,0.1786031723022461,0.1794121265411377
2026-02-18T18:43:18.526965+00:00,True,ALIVE,0.0010004043579101562,0.1801748275756836,0.17916607856750488
2026-02-18T18:43:18.715325+00:00,True,ALIVE,0.0,0.18836283683776855,0.1873624324798584
2026-02-18T18:43:18.898062+00:00,True,ALIVE,0.0,0.18273711204528809,0.18273711204528809
2026-02-18T18:43:19.086006+00:00,True,ALIVE,0.0,0.1879405975341797,0.1879405975341797
2026-02-18T18:43:19.293196+00:00,True,ALIVE,0.0009968280792236328,0.20719361305236816,0.2081904411315918
2026-02-18T18:43:19.482036+00:00,True,ALIVE,0.0,0.18782496452331543,0.1868281364440918
2026-02-18T18:43:19.671939+00:00,True,ALIVE,0.0,0.19191527366638184,0.19191527366638184
2026-02-18T18:43:19.872775+00:00,True,ALIVE,0.0,0.2008359432220459,0.2008359432220459
2026-02-18T18:43:20.061104+00:00,True,ALIVE,0.0,0.18832874298095703,0.18832874298095703
2026-02-18T18:43:20.267708+00:00,True,ALIVE,0.0,0.2066044807434082,0.2066044807434082
2026-02-18T18:43:20.469278+00:00,True,ALIVE,0.0017414093017578125,0.1998283863067627,0.2015697956085205
2026-02-18T18:43:20.655293+00:00,True,ALIVE,0.0009970664978027344,0.18675851821899414,0.18601417541503906
2026-02-18T18:43:20.837811+00:00,True,ALIVE,0.0,0.18244361877441406,0.18144655227661133
2026-02-18T18:43:21.031335+00:00,True,ALIVE,0.0,0.19359898567199707,0.19359898567199707
2026-02-18T18:43:21.262416+00:00,True,ALIVE,0.0,0.23006820678710938,0.23006820678710938
2026-02-18T18:43:21.459227+00:00,True,ALIVE,0.0,0.1988205909729004,0.1988205909729004
2026-02-18T18:43:21.663790+00:00,True,ALIVE,0.0,0.20456361770629883,0.20456361770629883
2026-02-18T18:43:21.847827+00:00,True,ALIVE,0.0,0.18202638626098633,0.18202638626098633
2026-02-18T18:43:22.041300+00:00,True,ALIVE,0.0,0.19548296928405762,0.19548296928405762
2026-02-18T18:43:22.228162+00:00,True,ALIVE,0.0,0.18485450744628906,0.18485450744628906
2026-02-18T18:43:22.407270+00:00,True,ALIVE,0.0,0.18111562728881836,0.18111562728881836
2026-02-18T18:43:22.586652+00:00,True,ALIVE,0.0,0.1793820858001709,0.1793820858001709
2026-02-18T18:43:22.780100+00:00,True,ALIVE,0.0,0.19245076179504395,0.19245076179504395
2026-02-18T18:43:22.964640+00:00,True,ALIVE,0.0,0.18553662300109863,0.18553662300109863
2026-02-18T18:43:23.153105+00:00,True,ALIVE,0.0,0.1874692440032959,0.1874692440032959
2026-02-18T18:43:23.364464+00:00,True,ALIVE,0.0009970664978027344,0.21135783195495605,0.2123548984527588
2026-02-18T18:43:23.565804+00:00,True,ALIVE,0.0,0.20032715797424316,0.19933009147644043
2026-02-18T18:43:23.775507+00:00,True,ALIVE,0.0,0.2096707820892334,0.2096707820892334
2026-02-18T18:43:23.985769+00:00,True,ALIVE,0.0,0.2102963924407959,0.2102963924407959
2026-02-18T18:43:24.186093+00:00,True,ALIVE,0.0,0.20032382011413574,0.20032382011413574
2026-02-18T18:43:24.359741+00:00,True,ALIVE,0.0,0.17565608024597168,0.17565608024597168
2026-02-18T18:43:24.548426+00:00,True,ALIVE,0.0,0.18868589401245117,0.18868589401245117
2026-02-18T18:43:24.726044+00:00,True,ALIVE,0.0009965896606445312,0.1766207218170166,0.17761731147766113
2026-02-18T18:43:24.910553+00:00,True,ALIVE,0.0,0.1845078468322754,0.18351125717163086
2026-02-18T18:43:25.108765+00:00,True,ALIVE,0.0,0.19813299179077148,0.19813299179077148
2026-02-18T18:43:25.312342+00:00,True,ALIVE,0.0,0.20465397834777832,0.20465397834777832
2026-02-18T18:43:25.535767+00:00,True,ALIVE,0.0,0.222428560256958,0.222428560256958
2026-02-18T18:43:25.756259+00:00,True,ALIVE,0.0,0.21947932243347168,0.21947932243347168
2026-02-18T18:43:25.969584+00:00,True,ALIVE,0.0,0.2153337001800537,0.2153337001800537
